<odoo>
    <data noupdate="0">
        <record model="ir.module.category" id="know_your_customer.module_know_your_customer">
            <field name="name">Know Your Customer</field>
            <field name="description">Know Your Customer Users</field>
            <field name="sequence">35</field>
        </record>

        <record id="know_your_customer_readonly" model="res.groups" forcecreate="1">
            <field name="name">Read-Only User</field>
            <field name="category_id" ref="know_your_customer.module_know_your_customer" />
            <field name="comment">The user has read-only permissions on `Know Your Customer` modules</field>
        </record>

        <record id="know_your_customer_readwrite" model="res.groups" forcecreate="1">
            <field name="name">Read-Write User</field>
            <field name="category_id" ref="know_your_customer.module_know_your_customer" />
            <field name="comment">The user has read and write permissions on `Know Your Customer` modules</field>
            <field name="implied_ids" eval="[(4, ref('know_your_customer.know_your_customer_readonly'))]"/>
            <field name="users" eval="[(4, ref('base.user_root')), (4, ref('base.user_admin'))]"/>
        </record>

        <record id="know_your_customer_readcreate" model="res.groups" forcecreate="1">
            <field name="name">Read-Create User</field>
            <field name="category_id" ref="know_your_customer.module_know_your_customer" />
            <field name="comment">The user has read and create permissions on `Know Your Customer` modules</field>
            <field name="implied_ids" eval="[(4, ref('know_your_customer.know_your_customer_readonly'))]"/>
            <field name="users" eval="[(4, ref('base.user_root')), (4, ref('base.user_admin'))]"/>
        </record>                 

        <record id="know_your_customer_admin" model="res.groups" forcecreate="1">
            <field name="name">Admin User</field>
            <field name="category_id" ref="know_your_customer.module_know_your_customer" />
            <field name="comment">The user has read, write and create permissions on `Know Your Customer` modules</field>
            <field name="implied_ids" eval="[(4, ref('know_your_customer.know_your_customer_readwrite'))]"/>
            <field name="users" eval="[(4, ref('base.user_root')), (4, ref('base.user_admin'))]"/>
        </record>
    </data>
</odoo>