id,name,model_id:id,group_id:id,perm_read,perm_write,perm_create,perm_unlink
access_know_your_customer_ro,access_know_your_customer_ro,model_know_your_customer,know_your_customer.know_your_customer_readonly,1,0,0,0
access_know_your_customer_rw,access_know_your_customer_rw,model_know_your_customer,know_your_customer.know_your_customer_readwrite,1,1,0,0
access_know_your_customer_rc,access_know_your_customer_rc,model_know_your_customer,know_your_customer.know_your_customer_readcreate,1,0,1,0
access_know_your_customer_admin,access_know_your_customer_admin,model_know_your_customer,know_your_customer.know_your_customer_admin,1,1,1,1

access_know_your_customer_wizard_ro,access_know_your_customer_wizard_ro,model_know_your_customer_wizard,know_your_customer.know_your_customer_readonly,1,0,0,0
access_know_your_customer_wizard_rw,access_know_your_customer_wizard_rw,model_know_your_customer_wizard,know_your_customer.know_your_customer_readwrite,1,1,0,0
access_know_your_customer_wizard_rc,access_know_your_customer_wizard_rc,model_know_your_customer_wizard,know_your_customer.know_your_customer_readcreate,1,0,1,0
access_know_your_customer_wizard_admin,access_know_your_customer_wizard_admin,model_know_your_customer_wizard,know_your_customer.know_your_customer_admin,1,1,1,1